id,generated
0000aaaa,0.31617332
1111bbbb,0.31617332
2222cccc,0.31617332
